{
  "IcoMoonType": "selection",
  "icons": [
    {
      "icon": {
        "paths": [
          "M121.429 271.36c1.28-12.587-3.541-25.003-12.928-33.451l-95.573-115.2v-17.195h296.832l229.461 503.253 201.728-503.253h283.051v17.195l-81.792 78.379c-7.040 5.376-10.539 14.208-9.088 22.955v576c-1.451 8.704 2.048 17.493 9.088 22.912l79.787 78.379v17.195h-401.493v-17.195l82.645-80.299c8.107-8.107 8.107-10.496 8.107-22.955v-465.536l-229.973 584.021h-31.019l-267.733-584.021v391.424c-2.219 16.469 3.243 33.024 14.805 44.928l107.52 130.56v17.152h-304.853v-17.195l107.52-130.56c11.52-11.861 16.64-28.587 13.909-44.885v-452.608z"
        ],
        "attrs": [
          {}
        ],
        "isMulticolor": false,
        "isMulticolor2": false,
        "tags": [
          "medium"
        ],
        "grid": 0
      },
      "attrs": [
        {}
      ],
      "properties": {
        "order": 1,
        "id": 0,
        "prevSize": 32,
        "name": "medium"
      },
      "setIdx": 0,
      "setId": 2,
      "iconIdx": 0
    }
  ],
  "height": 1024,
  "preferences": {
    "showGlyphs": true,
    "showQuickUse": true,
    "showQuickUse2": true,
    "showSVGs": true,
    "fontPref": {
      "prefix": "icon-",
      "metadata": {
        "fontFamily": "icomoon"
      },
      "metrics": {
        "emSize": 1024,
        "baseline": 6.25,
        "whitespace": 50
      },
      "embed": false
    },
    "imagePref": {
      "prefix": "icon-",
      "png": true,
      "useClassSelector": true,
      "color": 0,
      "bgColor": 16777215,
      "classSelector": ".icon"
    },
    "historySize": 50,
    "showCodes": true,
    "gridSize": 16
  }
}